# review_id,filepath,sort_order
1,.sample_images/korean-food2.png,0
1,.sample_images/japanese-dining-people2.png,1
1,.sample_images/japanese-food1.png,2
2,.sample_images/fine-dining-restaurant.jpg,0
2,.sample_images/western-food2.png,1
2,.sample_images/office-workers-enjoying-company-dinner-together-at.jpg,2
3,.sample_images/course-meal.jpg,0
4,.sample_images/fine-dining-restaurant.jpg,0
4,.sample_images/modern-korean-restaurant-interior.jpg,1
4,.sample_images/fine-dining-plate.png,2
5,.sample_images/delicious-pasta-dish.png,0
6,.sample_images/modern-korean-restaurant-interior.jpg,0
6,.sample_images/japanese-food1.png,1
6,.sample_images/mexican-food2.png,2
7,.sample_images/korean-dining-people.png,0
7,.sample_images/western-dining-people.png,1
8,.sample_images/korean-course-meal-plating.jpg,0
8,.sample_images/korean-appetizer-main-dessert.jpg,1
8,.sample_images/modern-restaurant2.png,2
9,.sample_images/chinese-restaurant1.png,0
9,.sample_images/korean-restaurant1.png,1
9,.sample_images/korean-food3.png,2
10,.sample_images/korean-food1.png,0
10,.sample_images/japanese-restaurant.png,1
11,.sample_images/chinese-dining-people.png,0
11,.sample_images/modern-korean-restaurant-interior.jpg,1
12,.sample_images/chinese-restaurant1.png,0
12,.sample_images/modern-restaurant-interior.png,1
13,.sample_images/chinese-restaurant2.png,0
13,.sample_images/japanese-food2.png,1
13,.sample_images/chinse-food2.png,2
14,.sample_images/modern-korean-restaurant-interior.jpg,0
14,.sample_images/chinese-restaurant2.png,1
15,.sample_images/korean-food3.png,0
15,.sample_images/japanese-restauran2.png,1
16,.sample_images/korean-fine-dining.jpg,0
16,.sample_images/korean-restaurant-food.jpg,1
17,.sample_images/korean-restaurant-food.jpg,0
17,.sample_images/rooftop-restaurant.jpg,1
18,.sample_images/restaurant-food-photo-.jpg,0
18,.sample_images/italian-pasta-dish.png,1
18,.sample_images/appetizer-plate.png,2
19,.sample_images/pasta-carbonara.png,0
20,.sample_images/korean-appetizer-main-dessert.jpg,0
20,.sample_images/chinse-food2.png,1
20,.sample_images/chinese-restaurant-food.jpg,2
21,.sample_images/korean-food2.png,0
21,.sample_images/japanese-restauran2.png,1
21,.sample_images/elegant-dining-room-setup.jpg,2
22,.sample_images/italian-pasta-dish.png,0
22,.sample_images/korean-restaurant-food.jpg,1
23,.sample_images/italian-pasta-dish.png,0
24,.sample_images/korean-food2.png,0
24,.sample_images/japanese-dining-people.png,1
25,.sample_images/korean-dining-people.png,0
25,.sample_images/korean-food2.png,1
26,.sample_images/korean-food2.png,0
26,.sample_images/korean-restaurant1.png,1
27,.sample_images/korean-food4.png,0
27,.sample_images/elegant-dining-room-setup.jpg,1
27,.sample_images/mexican-food1.png,2
28,.sample_images/elegant-dining-room-setup.jpg,0
28,.sample_images/japanese-restauran2.png,1
28,.sample_images/seafood-restaurant.jpg,2
29,.sample_images/glass-of-red-wine.png,0
29,.sample_images/italian-pasta-dish.png,1
29,.sample_images/delicious-pasta-dish.png,2
30,.sample_images/chinese-restaurant2.png,0
30,.sample_images/western-dining-people.png,1
31,.sample_images/modern-restaurant1.png,0
32,.sample_images/course-meal.jpg,0
32,.sample_images/fine-dining-plate.png,1
33,.sample_images/glass-of-red-wine.png,0
33,.sample_images/korean-food4.png,1
33,.sample_images/korean-course-meal-plating.jpg,2
34,.sample_images/chinese-restaurant-food.jpg,0
35,.sample_images/fine-dining-plate.png,0
35,.sample_images/seafood-restaurant.jpg,1
35,.sample_images/korean-food3.png,2
36,.sample_images/elegant-dining-room-setup.jpg,0
37,.sample_images/korean-restaurant-food.jpg,0
37,.sample_images/modern-restaurant-interior.png,1
37,.sample_images/korean-food3.png,2
38,.sample_images/japanese-food2.png,0
38,.sample_images/western-dining-people2.png,1
38,.sample_images/elegant-dining-room-setup.jpg,2
39,.sample_images/italian-pasta-dish.png,0
40,.sample_images/japanese-restaurant1.png,0
40,.sample_images/korean-food1.png,1
40,.sample_images/elegant-dessert-plating.png,2
41,.sample_images/delicious-pasta-dish.png,0
42,.sample_images/modern-restaurant-3.png,0
42,.sample_images/italian-restaurant-dining.jpg,1
43,.sample_images/restaurant-private-room-atmosphere.jpg,0
43,.sample_images/bright-restaurant1.png,1
43,.sample_images/pasta-carbonara.png,2
44,.sample_images/premium-course-meal-with-wine.jpg,0
44,.sample_images/course-meal.jpg,1
44,.sample_images/rooftop-restaurant.jpg,2
45,.sample_images/italian-restaurant-dining.jpg,0
45,.sample_images/mexican-food1.png,1
46,.sample_images/modern-restaurant-3.png,0
47,.sample_images/elegant-dessert-plating.png,0
47,.sample_images/japanese-restaurant.png,1
47,.sample_images/elegant-wine-glass.png,2
48,.sample_images/japanese-food1.png,0
49,.sample_images/course-meal.jpg,0
50,.sample_images/italian-pasta-dish.png,0
51,.sample_images/korean-food4.png,0
51,.sample_images/korean-food3.png,1
52,.sample_images/western-dining-people2.png,0
52,.sample_images/korean-course-meal-plating.jpg,1
53,.sample_images/italian-restaurant-dining.jpg,0
53,.sample_images/appetizer-plate.png,1
54,.sample_images/korean-restaurant1.png,0
55,.sample_images/elegant-dessert-plating.png,0
55,.sample_images/japanese-restaurant1.png,1
56,.sample_images/chinese-restaurant-food.jpg,0
56,.sample_images/appetizer-plate.png,1
57,.sample_images/japanese-restaurant.png,0
58,.sample_images/western-restaurant1.png,0
59,.sample_images/elegant-dining-room-setup.jpg,0
59,.sample_images/seafood-restaurant.jpg,1
60,.sample_images/korean-dining-people.png,0
60,.sample_images/bright-restaurant1.png,1
61,.sample_images/farm-to-table-restaurant.jpg,0
62,.sample_images/elegant-dessert-plating.png,0
62,.sample_images/japanese-restauran2.png,1
62,.sample_images/chinese-restaurant-food.jpg,2
63,.sample_images/modern-restaurant-3.png,0
63,.sample_images/chinese-restaurant-food.jpg,1
64,.sample_images/premium-course-meal-with-wine.jpg,0
65,.sample_images/appetizer-plate.png,0
65,.sample_images/japanese-restaurant1.png,1
66,.sample_images/korean-appetizer-main-dessert.jpg,0
66,.sample_images/appetizer-plate.png,1
66,.sample_images/office-workers-enjoying-company-dinner-together-at.jpg,2
67,.sample_images/japanese-food2.png,0
67,.sample_images/farm-to-table-restaurant.jpg,1
68,.sample_images/mexican-food2.png,0
68,.sample_images/japanese-restaurant.png,1
69,.sample_images/mexican-food2.png,0
70,.sample_images/japanese-dining-people2.png,0
70,.sample_images/japanese-restauran2.png,1
70,.sample_images/korean-food1.png,2
71,.sample_images/japanese-restaurant.png,0
71,.sample_images/japanese-food1.png,1
71,.sample_images/chinese-food1.png,2
72,.sample_images/japanese-restaurant1.png,0
72,.sample_images/restaurant-private-room-atmosphere.jpg,1
73,.sample_images/modern-restaurant2.png,0
73,.sample_images/chinese-restaurant-food.jpg,1
73,.sample_images/chinese-restaurant2.png,2
74,.sample_images/fine-dining-restaurant.jpg,0
74,.sample_images/korean-appetizer-main-dessert.jpg,1
75,.sample_images/modern-korean-restaurant-interior.jpg,0
76,.sample_images/japanese-dining-people.png,0
76,.sample_images/western-dining-people2.png,1
77,.sample_images/japanese-food1.png,0
78,.sample_images/mexican-food1.png,0
78,.sample_images/modern-restaurant-interior.png,1
78,.sample_images/korean-restaurant-food.jpg,2
79,.sample_images/chinese-food1.png,0
79,.sample_images/italian-pasta-dish.png,1
79,.sample_images/farm-to-table-restaurant.jpg,2
80,.sample_images/japanese-food1.png,0
81,.sample_images/bright-restaurant1.png,0
81,.sample_images/modern-restaurant-interior.png,1
82,.sample_images/elegant-wine-glass.png,0
82,.sample_images/chinese-food1.png,1
82,.sample_images/appetizer-plate.png,2
83,.sample_images/restaurant-food-photo-.jpg,0
83,.sample_images/mexican-food2.png,1
83,.sample_images/seafood-restaurant.jpg,2
84,.sample_images/modern-korean-restaurant-interior.jpg,0
84,.sample_images/appetizer-plate.png,1
84,.sample_images/japanese-dining-people.png,2
85,.sample_images/restaurant-food-variety.png,0
85,.sample_images/japanese-food1.png,1
85,.sample_images/bright-restaurant1.png,2
86,.sample_images/elegant-dining-room-setup.jpg,0
87,.sample_images/pasta-carbonara.png,0
87,.sample_images/office-workers-enjoying-company-dinner-together-at.jpg,1
88,.sample_images/korean-food4.png,0
88,.sample_images/chinese-restaurant2.png,1
88,.sample_images/japanese-dining-people.png,2
89,.sample_images/chinese-restaurant-food.jpg,0
89,.sample_images/japanese-food2.png,1
89,.sample_images/restaurant-food-photo-.jpg,2
90,.sample_images/italian-pasta-dish.png,0
91,.sample_images/chinese-restaurant2.png,0
92,.sample_images/elegant-dessert-plating.png,0
93,.sample_images/japanese-dining-people2.png,0
93,.sample_images/modern-restaurant-3.png,1
94,.sample_images/japanese-restauran2.png,0
95,.sample_images/korean-restaurant-food.jpg,0
95,.sample_images/course-meal.jpg,1
96,.sample_images/chinese-restaurant2.png,0
96,.sample_images/restaurant-food-variety.png,1
96,.sample_images/seafood-restaurant.jpg,2
97,.sample_images/western-restaurant1.png,0
98,.sample_images/modern-restaurant2.png,0
98,.sample_images/mexican-food2.png,1
99,.sample_images/korean-dining-people.png,0
100,.sample_images/korean-course-meal-plating.jpg,0
100,.sample_images/korean-restaurant1.png,1
100,.sample_images/modern-korean-restaurant-interior.jpg,2
101,.sample_images/western-dining-people.png,0
101,.sample_images/japanese-dining-people2.png,1
101,.sample_images/western-food1.png,2
102,.sample_images/restaurant-food-variety.png,0
102,.sample_images/farm-to-table-restaurant.jpg,1
102,.sample_images/premium-course-meal-with-wine.jpg,2
103,.sample_images/restaurant-food-photo-.jpg,0
103,.sample_images/korean-food2.png,1
104,.sample_images/mexican-food2.png,0
104,.sample_images/korean-appetizer-main-dessert.jpg,1
104,.sample_images/modern-restaurant2.png,2
105,.sample_images/korean-fine-dining.jpg,0
105,.sample_images/chinese-food1.png,1
106,.sample_images/italian-restaurant-dining.jpg,0
106,.sample_images/seafood-restaurant.jpg,1
107,.sample_images/western-dining-people.png,0
107,.sample_images/chinese-restaurant1.png,1
107,.sample_images/korean-restaurant1.png,2
108,.sample_images/korean-food3.png,0
109,.sample_images/premium-course-meal-with-wine.jpg,0
109,.sample_images/restaurant-private-room-atmosphere.jpg,1
110,.sample_images/restaurant-food-photo-.jpg,0
111,.sample_images/japanese-dining-people.png,0
111,.sample_images/korean-fine-dining.jpg,1
111,.sample_images/italian-pasta-dish.png,2
112,.sample_images/italian-pasta-dish.png,0
112,.sample_images/modern-restaurant-interior.png,1
112,.sample_images/appetizer-plate.png,2
113,.sample_images/restaurant-food-photo-.jpg,0
114,.sample_images/chinese-dining-people.png,0
114,.sample_images/fine-dining-restaurant.jpg,1
114,.sample_images/korean-food4.png,2
115,.sample_images/japanese-restauran2.png,0
115,.sample_images/korean-fine-dining.jpg,1
116,.sample_images/japanese-dining-people2.png,0
116,.sample_images/course-meal.jpg,1
116,.sample_images/japanese-food1.png,2
117,.sample_images/course-meal.jpg,0
118,.sample_images/chinese-food1.png,0
118,.sample_images/italian-restaurant-dining.jpg,1
118,.sample_images/japanese-restaurant.png,2
119,.sample_images/chinse-food2.png,0
119,.sample_images/western-restaurant1.png,1
120,.sample_images/japanese-restaurant1.png,0
120,.sample_images/modern-restaurant-3.png,1
121,.sample_images/korean-restaurant-food.jpg,0
121,.sample_images/mexican-food1.png,1
122,.sample_images/korean-fine-dining.jpg,0
122,.sample_images/modern-restaurant-interior.png,1
122,.sample_images/restaurant-food-photo-.jpg,2
123,.sample_images/korean-course-meal-plating.jpg,0
123,.sample_images/restaurant-food-variety.png,1
124,.sample_images/elegant-wine-glass.png,0
125,.sample_images/restaurant-food-variety.png,0
125,.sample_images/korean-food2.png,1
126,.sample_images/course-meal.jpg,0
127,.sample_images/glass-of-red-wine.png,0
127,.sample_images/western-restaurant1.png,1
127,.sample_images/seafood-restaurant.jpg,2
128,.sample_images/italian-restaurant-dining.jpg,0
128,.sample_images/modern-korean-restaurant-interior.jpg,1
129,.sample_images/japanese-food2.png,0
129,.sample_images/fine-dining-restaurant.jpg,1
129,.sample_images/western-restaurant1.png,2
130,.sample_images/chinese-restaurant2.png,0
130,.sample_images/chinese-restaurant1.png,1
130,.sample_images/premium-course-meal-with-wine.jpg,2
131,.sample_images/chinse-food2.png,0
131,.sample_images/elegant-wine-glass.png,1
132,.sample_images/elegant-dining-room-setup.jpg,0
132,.sample_images/korean-food1.png,1
132,.sample_images/appetizer-plate.png,2
133,.sample_images/modern-korean-restaurant-interior.jpg,0
134,.sample_images/korean-dining-people.png,0
135,.sample_images/elegant-dessert-plating.png,0
135,.sample_images/seafood-restaurant.jpg,1
136,.sample_images/korean-food2.png,0
136,.sample_images/chinese-dining-people.png,1
137,.sample_images/korean-dining-people.png,0
137,.sample_images/appetizer-plate.png,1
138,.sample_images/bright-restaurant1.png,0
139,.sample_images/korean-restaurant1.png,0
139,.sample_images/korean-food1.png,1
140,.sample_images/japanese-food1.png,0
140,.sample_images/japanese-restauran2.png,1
141,.sample_images/delicious-pasta-dish.png,0
142,.sample_images/mexican-food2.png,0
142,.sample_images/farm-to-table-restaurant.jpg,1
142,.sample_images/premium-course-meal-with-wine.jpg,2
143,.sample_images/rooftop-restaurant.jpg,0
143,.sample_images/italian-pasta-dish.png,1
144,.sample_images/bright-restaurant1.png,0
144,.sample_images/japanese-restaurant1.png,1
145,.sample_images/japanese-food2.png,0
145,.sample_images/elegant-dessert-plating.png,1
145,.sample_images/restaurant-food-variety.png,2
146,.sample_images/mexican-food1.png,0
147,.sample_images/elegant-dessert-plating.png,0
147,.sample_images/bright-restaurant1.png,1
147,.sample_images/glass-of-red-wine.png,2
148,.sample_images/chinese-restaurant2.png,0
148,.sample_images/korean-restaurant-food.jpg,1
148,.sample_images/western-food1.png,2
149,.sample_images/western-restaurant1.png,0
149,.sample_images/rooftop-restaurant.jpg,1
149,.sample_images/korean-food4.png,2
150,.sample_images/modern-restaurant-interior.png,0
150,.sample_images/mexican-food1.png,1
151,.sample_images/chinese-food1.png,0
151,.sample_images/mexican-food1.png,1
151,.sample_images/modern-restaurant2.png,2
152,.sample_images/japanese-restauran2.png,0
153,.sample_images/japanese-dining-people2.png,0
153,.sample_images/japanese-food1.png,1
154,.sample_images/restaurant-private-room-atmosphere.jpg,0
154,.sample_images/delicious-pasta-dish.png,1
154,.sample_images/western-dining-people2.png,2
155,.sample_images/glass-of-red-wine.png,0
155,.sample_images/korean-food2.png,1
156,.sample_images/elegant-dessert-plating.png,0
156,.sample_images/restaurant-private-room-atmosphere.jpg,1
156,.sample_images/japanese-dining-people2.png,2
157,.sample_images/modern-restaurant1.png,0
157,.sample_images/japanese-dining-people.png,1
157,.sample_images/japanese-food1.png,2
158,.sample_images/elegant-wine-glass.png,0
159,.sample_images/western-dining-people2.png,0
160,.sample_images/restaurant-private-room-atmosphere.jpg,0
160,.sample_images/elegant-dining-room-setup.jpg,1
161,.sample_images/italian-pasta-dish.png,0
161,.sample_images/delicious-pasta-dish.png,1
161,.sample_images/pasta-carbonara.png,2
162,.sample_images/western-food2.png,0
162,.sample_images/modern-restaurant1.png,1
163,.sample_images/chinese-dining-people.png,0
164,.sample_images/modern-restaurant1.png,0
165,.sample_images/modern-restaurant-interior.png,0
165,.sample_images/japanese-dining-people.png,1
165,.sample_images/japanese-restauran2.png,2
166,.sample_images/pasta-carbonara.png,0
166,.sample_images/chinese-food1.png,1
166,.sample_images/modern-korean-restaurant-interior.jpg,2
167,.sample_images/premium-course-meal-with-wine.jpg,0
167,.sample_images/korean-food3.png,1
167,.sample_images/korean-food2.png,2
168,.sample_images/glass-of-red-wine.png,0
169,.sample_images/bright-restaurant1.png,0
170,.sample_images/japanese-restauran2.png,0
170,.sample_images/modern-restaurant1.png,1
171,.sample_images/japanese-restaurant1.png,0
172,.sample_images/modern-restaurant1.png,0
172,.sample_images/restaurant-private-room-atmosphere.jpg,1
172,.sample_images/western-dining-people.png,2
173,.sample_images/fine-dining-plate.png,0
174,.sample_images/office-workers-enjoying-company-dinner-together-at.jpg,0
174,.sample_images/chinese-restaurant-food.jpg,1
174,.sample_images/western-food1.png,2
175,.sample_images/korean-dining-people.png,0
175,.sample_images/restaurant-food-photo-.jpg,1
176,.sample_images/chinese-food1.png,0
177,.sample_images/chinese-dining-people.png,0
177,.sample_images/restaurant-food-variety.png,1
177,.sample_images/bright-restaurant1.png,2
178,.sample_images/chinse-food2.png,0
179,.sample_images/western-food2.png,0
179,.sample_images/chinese-restaurant-food.jpg,1
179,.sample_images/western-restaurant1.png,2
180,.sample_images/japanese-restaurant1.png,0
180,.sample_images/korean-restaurant1.png,1
181,.sample_images/japanese-food1.png,0
181,.sample_images/mexican-food2.png,1
181,.sample_images/modern-restaurant2.png,2
182,.sample_images/western-dining-people.png,0
182,.sample_images/korean-food2.png,1
182,.sample_images/pasta-carbonara.png,2
183,.sample_images/modern-restaurant-interior.png,0
184,.sample_images/fine-dining-plate.png,0
184,.sample_images/western-food1.png,1
184,.sample_images/chinese-restaurant1.png,2
185,.sample_images/korean-food1.png,0
185,.sample_images/japanese-food2.png,1
186,.sample_images/restaurant-private-room-atmosphere.jpg,0
186,.sample_images/korean-appetizer-main-dessert.jpg,1
187,.sample_images/italian-pasta-dish.png,0
187,.sample_images/fine-dining-plate.png,1
187,.sample_images/japanese-restaurant1.png,2
188,.sample_images/glass-of-red-wine.png,0
188,.sample_images/japanese-restauran2.png,1
188,.sample_images/modern-restaurant-interior.png,2
189,.sample_images/modern-restaurant1.png,0
190,.sample_images/korean-dining-people.png,0
190,.sample_images/modern-restaurant1.png,1
191,.sample_images/western-dining-people2.png,0
191,.sample_images/western-restaurant1.png,1
192,.sample_images/office-workers-enjoying-company-dinner-together-at.jpg,0
192,.sample_images/mexican-food1.png,1
193,.sample_images/chinese-restaurant1.png,0
194,.sample_images/korean-food4.png,0
194,.sample_images/chinse-food2.png,1
195,.sample_images/chinese-dining-people.png,0
195,.sample_images/chinese-restaurant-food.jpg,1
196,.sample_images/korean-course-meal-plating.jpg,0
196,.sample_images/bright-restaurant1.png,1
196,.sample_images/chinese-restaurant-food.jpg,2
197,.sample_images/glass-of-red-wine.png,0
198,.sample_images/korean-dining-people.png,0
199,.sample_images/delicious-pasta-dish.png,0
199,.sample_images/western-food2.png,1
200,.sample_images/chinese-food1.png,0
201,.sample_images/korean-food3.png,0
201,.sample_images/italian-restaurant-dining.jpg,1
201,.sample_images/glass-of-red-wine.png,2
202,.sample_images/modern-restaurant-3.png,0
202,.sample_images/pasta-carbonara.png,1
203,.sample_images/fine-dining-plate.png,0
203,.sample_images/italian-restaurant-dining.jpg,1
203,.sample_images/glass-of-red-wine.png,2
204,.sample_images/korean-dining-people.png,0
204,.sample_images/modern-restaurant-3.png,1
204,.sample_images/japanese-food1.png,2
205,.sample_images/western-dining-people2.png,0
205,.sample_images/western-food1.png,1
206,.sample_images/rooftop-restaurant.jpg,0
207,.sample_images/chinse-food2.png,0
207,.sample_images/japanese-restaurant1.png,1
208,.sample_images/seafood-restaurant.jpg,0
208,.sample_images/japanese-restaurant1.png,1
208,.sample_images/western-food2.png,2
209,.sample_images/western-food1.png,0
210,.sample_images/mexican-food2.png,0
211,.sample_images/japanese-food2.png,0
212,.sample_images/korean-dining-people.png,0
212,.sample_images/korean-food2.png,1
212,.sample_images/bright-restaurant1.png,2
213,.sample_images/elegant-dining-room-setup.jpg,0
213,.sample_images/delicious-pasta-dish.png,1
213,.sample_images/korean-food1.png,2
214,.sample_images/restaurant-private-room-atmosphere.jpg,0
214,.sample_images/italian-pasta-dish.png,1
215,.sample_images/korean-dining-people.png,0
215,.sample_images/japanese-food2.png,1
216,.sample_images/office-workers-enjoying-company-dinner-together-at.jpg,0
216,.sample_images/restaurant-private-room-atmosphere.jpg,1
217,.sample_images/korean-food2.png,0
217,.sample_images/korean-food3.png,1
218,.sample_images/appetizer-plate.png,0
218,.sample_images/western-dining-people.png,1
219,.sample_images/italian-restaurant-dining.jpg,0
220,.sample_images/course-meal.jpg,0
220,.sample_images/korean-fine-dining.jpg,1
220,.sample_images/elegant-dessert-plating.png,2
221,.sample_images/japanese-restaurant1.png,0
221,.sample_images/western-food1.png,1
221,.sample_images/japanese-dining-people.png,2
222,.sample_images/western-food1.png,0
222,.sample_images/korean-restaurant-food.jpg,1
222,.sample_images/premium-course-meal-with-wine.jpg,2
223,.sample_images/course-meal.jpg,0
223,.sample_images/korean-course-meal-plating.jpg,1
223,.sample_images/mexican-food1.png,2
224,.sample_images/japanese-restaurant.png,0
225,.sample_images/japanese-restauran2.png,0
226,.sample_images/appetizer-plate.png,0
226,.sample_images/korean-restaurant1.png,1
227,.sample_images/farm-to-table-restaurant.jpg,0
227,.sample_images/restaurant-food-variety.png,1
228,.sample_images/seafood-restaurant.jpg,0
228,.sample_images/delicious-pasta-dish.png,1
228,.sample_images/chinese-food1.png,2
229,.sample_images/premium-course-meal-with-wine.jpg,0
229,.sample_images/korean-food1.png,1
229,.sample_images/japanese-dining-people.png,2
230,.sample_images/pasta-carbonara.png,0
230,.sample_images/japanese-restauran2.png,1
231,.sample_images/western-dining-people.png,0
231,.sample_images/korean-dining-people.png,1
231,.sample_images/elegant-dessert-plating.png,2
232,.sample_images/chinese-dining-people.png,0
233,.sample_images/italian-pasta-dish.png,0
233,.sample_images/mexican-food2.png,1
233,.sample_images/western-food1.png,2
234,.sample_images/korean-food3.png,0
234,.sample_images/course-meal.jpg,1
234,.sample_images/japanese-food1.png,2
235,.sample_images/elegant-dining-room-setup.jpg,0
236,.sample_images/chinese-dining-people.png,0
236,.sample_images/japanese-dining-people.png,1
236,.sample_images/mexican-food1.png,2
237,.sample_images/glass-of-red-wine.png,0
237,.sample_images/farm-to-table-restaurant.jpg,1
237,.sample_images/chinese-restaurant2.png,2
238,.sample_images/appetizer-plate.png,0
238,.sample_images/restaurant-food-photo-.jpg,1
238,.sample_images/pasta-carbonara.png,2
239,.sample_images/korean-restaurant-food.jpg,0
239,.sample_images/seafood-restaurant.jpg,1
240,.sample_images/office-workers-enjoying-company-dinner-together-at.jpg,0
240,.sample_images/japanese-restaurant.png,1
241,.sample_images/fine-dining-plate.png,0
242,.sample_images/korean-food1.png,0
242,.sample_images/japanese-dining-people2.png,1
242,.sample_images/western-food1.png,2
243,.sample_images/course-meal.jpg,0
244,.sample_images/elegant-dessert-plating.png,0
245,.sample_images/office-workers-enjoying-company-dinner-together-at.jpg,0
245,.sample_images/korean-food2.png,1
245,.sample_images/modern-restaurant-3.png,2
246,.sample_images/chinese-restaurant2.png,0
246,.sample_images/mexican-food2.png,1
246,.sample_images/japanese-restaurant1.png,2
247,.sample_images/japanese-food1.png,0
247,.sample_images/japanese-dining-people2.png,1
247,.sample_images/course-meal.jpg,2
248,.sample_images/korean-course-meal-plating.jpg,0
249,.sample_images/modern-restaurant-3.png,0
250,.sample_images/restaurant-private-room-atmosphere.jpg,0
251,.sample_images/italian-restaurant-dining.jpg,0
251,.sample_images/elegant-wine-glass.png,1
252,.sample_images/korean-restaurant1.png,0
252,.sample_images/restaurant-food-photo-.jpg,1
253,.sample_images/japanese-restauran2.png,0
254,.sample_images/japanese-food1.png,0
254,.sample_images/japanese-restaurant.png,1
254,.sample_images/chinese-restaurant1.png,2
255,.sample_images/western-restaurant1.png,0
256,.sample_images/bright-restaurant1.png,0
257,.sample_images/korean-appetizer-main-dessert.jpg,0
257,.sample_images/fine-dining-restaurant.jpg,1
257,.sample_images/western-dining-people2.png,2
258,.sample_images/korean-course-meal-plating.jpg,0
258,.sample_images/korean-appetizer-main-dessert.jpg,1
259,.sample_images/korean-food4.png,0
259,.sample_images/fine-dining-restaurant.jpg,1
260,.sample_images/western-dining-people2.png,0
260,.sample_images/korean-fine-dining.jpg,1
260,.sample_images/delicious-pasta-dish.png,2
261,.sample_images/chinese-restaurant-food.jpg,0
262,.sample_images/japanese-food1.png,0
263,.sample_images/elegant-dessert-plating.png,0
263,.sample_images/course-meal.jpg,1
264,.sample_images/rooftop-restaurant.jpg,0
265,.sample_images/western-food2.png,0
265,.sample_images/chinese-restaurant2.png,1
265,.sample_images/japanese-food1.png,2
266,.sample_images/chinse-food2.png,0
266,.sample_images/mexican-food1.png,1
266,.sample_images/italian-pasta-dish.png,2
267,.sample_images/rooftop-restaurant.jpg,0
267,.sample_images/bright-restaurant1.png,1
267,.sample_images/farm-to-table-restaurant.jpg,2
268,.sample_images/bright-restaurant1.png,0
269,.sample_images/farm-to-table-restaurant.jpg,0
270,.sample_images/fine-dining-plate.png,0
270,.sample_images/bright-restaurant1.png,1
271,.sample_images/korean-dining-people.png,0
272,.sample_images/delicious-pasta-dish.png,0
273,.sample_images/chinse-food2.png,0
273,.sample_images/mexican-food1.png,1
273,.sample_images/course-meal.jpg,2
274,.sample_images/chinese-dining-people.png,0
275,.sample_images/farm-to-table-restaurant.jpg,0
275,.sample_images/elegant-wine-glass.png,1
275,.sample_images/pasta-carbonara.png,2
276,.sample_images/japanese-restaurant1.png,0
277,.sample_images/modern-restaurant-interior.png,0
277,.sample_images/japanese-restauran2.png,1
278,.sample_images/delicious-pasta-dish.png,0
279,.sample_images/japanese-restauran2.png,0
279,.sample_images/japanese-restaurant.png,1
279,.sample_images/modern-korean-restaurant-interior.jpg,2
280,.sample_images/japanese-food1.png,0
280,.sample_images/italian-pasta-dish.png,1
280,.sample_images/restaurant-food-variety.png,2
281,.sample_images/korean-food2.png,0
281,.sample_images/japanese-food2.png,1
281,.sample_images/korean-restaurant1.png,2
282,.sample_images/chinse-food2.png,0
282,.sample_images/korean-restaurant1.png,1
283,.sample_images/elegant-dining-room-setup.jpg,0
283,.sample_images/chinese-restaurant-food.jpg,1
283,.sample_images/korean-course-meal-plating.jpg,2
284,.sample_images/seafood-restaurant.jpg,0
285,.sample_images/japanese-food2.png,0
285,.sample_images/modern-korean-restaurant-interior.jpg,1
285,.sample_images/japanese-restaurant1.png,2
286,.sample_images/japanese-restauran2.png,0
287,.sample_images/western-restaurant1.png,0
287,.sample_images/korean-food2.png,1
287,.sample_images/premium-course-meal-with-wine.jpg,2
288,.sample_images/modern-restaurant1.png,0
288,.sample_images/korean-dining-people.png,1
289,.sample_images/seafood-restaurant.jpg,0
289,.sample_images/elegant-dessert-plating.png,1
290,.sample_images/western-restaurant1.png,0
291,.sample_images/italian-restaurant-dining.jpg,0
291,.sample_images/japanese-restauran2.png,1
291,.sample_images/delicious-pasta-dish.png,2
292,.sample_images/pasta-carbonara.png,0
292,.sample_images/modern-restaurant-3.png,1
292,.sample_images/elegant-dining-room-setup.jpg,2
293,.sample_images/restaurant-food-photo-.jpg,0
293,.sample_images/elegant-dessert-plating.png,1
293,.sample_images/korean-restaurant1.png,2
294,.sample_images/premium-course-meal-with-wine.jpg,0
294,.sample_images/japanese-food2.png,1
295,.sample_images/korean-food1.png,0
295,.sample_images/mexican-food2.png,1
296,.sample_images/korean-food2.png,0
297,.sample_images/korean-food4.png,0
297,.sample_images/japanese-restauran2.png,1
297,.sample_images/modern-restaurant-3.png,2
298,.sample_images/glass-of-red-wine.png,0
298,.sample_images/fine-dining-plate.png,1
298,.sample_images/elegant-wine-glass.png,2
299,.sample_images/elegant-dining-room-setup.jpg,0
300,.sample_images/western-dining-people2.png,0
300,.sample_images/chinese-restaurant1.png,1
301,.sample_images/modern-korean-restaurant-interior.jpg,0
302,.sample_images/korean-dining-people.png,0
302,.sample_images/bright-restaurant1.png,1
302,.sample_images/pasta-carbonara.png,2
303,.sample_images/fine-dining-plate.png,0
303,.sample_images/chinse-food2.png,1
304,.sample_images/japanese-restauran2.png,0
304,.sample_images/modern-korean-restaurant-interior.jpg,1
305,.sample_images/chinese-restaurant-food.jpg,0
306,.sample_images/office-workers-enjoying-company-dinner-together-at.jpg,0
306,.sample_images/chinese-food1.png,1
306,.sample_images/mexican-food2.png,2
307,.sample_images/japanese-restauran2.png,0
307,.sample_images/korean-restaurant-food.jpg,1
307,.sample_images/restaurant-food-photo-.jpg,2
308,.sample_images/chinese-food1.png,0
308,.sample_images/japanese-restaurant1.png,1
308,.sample_images/restaurant-food-variety.png,2
309,.sample_images/korean-food4.png,0
309,.sample_images/japanese-restaurant1.png,1
309,.sample_images/chinese-restaurant1.png,2
310,.sample_images/appetizer-plate.png,0
310,.sample_images/fine-dining-restaurant.jpg,1
311,.sample_images/japanese-restaurant.png,0
311,.sample_images/japanese-dining-people.png,1
312,.sample_images/japanese-dining-people.png,0
313,.sample_images/glass-of-red-wine.png,0
313,.sample_images/mexican-food2.png,1
313,.sample_images/japanese-restaurant.png,2
314,.sample_images/western-dining-people.png,0
314,.sample_images/chinese-restaurant2.png,1
314,.sample_images/western-dining-people2.png,2
315,.sample_images/chinese-restaurant-food.jpg,0
315,.sample_images/italian-restaurant-dining.jpg,1
316,.sample_images/modern-restaurant2.png,0
316,.sample_images/pasta-carbonara.png,1
316,.sample_images/italian-restaurant-dining.jpg,2
317,.sample_images/fine-dining-restaurant.jpg,0
317,.sample_images/modern-restaurant1.png,1
318,.sample_images/japanese-dining-people2.png,0
318,.sample_images/modern-restaurant-3.png,1
319,.sample_images/chinese-food1.png,0
319,.sample_images/chinse-food2.png,1
320,.sample_images/mexican-food2.png,0
321,.sample_images/italian-pasta-dish.png,0
322,.sample_images/delicious-pasta-dish.png,0
322,.sample_images/elegant-dining-room-setup.jpg,1
323,.sample_images/japanese-dining-people.png,0
323,.sample_images/modern-restaurant-interior.png,1
324,.sample_images/japanese-dining-people.png,0
324,.sample_images/restaurant-private-room-atmosphere.jpg,1
324,.sample_images/korean-fine-dining.jpg,2
325,.sample_images/course-meal.jpg,0
325,.sample_images/restaurant-food-photo-.jpg,1
325,.sample_images/office-workers-enjoying-company-dinner-together-at.jpg,2
326,.sample_images/chinese-food1.png,0
326,.sample_images/italian-pasta-dish.png,1
327,.sample_images/modern-restaurant-3.png,0
328,.sample_images/course-meal.jpg,0
328,.sample_images/modern-restaurant1.png,1
329,.sample_images/japanese-dining-people.png,0
329,.sample_images/korean-food1.png,1
329,.sample_images/delicious-pasta-dish.png,2
330,.sample_images/modern-korean-restaurant-interior.jpg,0
330,.sample_images/course-meal.jpg,1
330,.sample_images/modern-restaurant-interior.png,2
331,.sample_images/glass-of-red-wine.png,0
331,.sample_images/korean-restaurant-food.jpg,1
332,.sample_images/chinese-dining-people.png,0
332,.sample_images/korean-food1.png,1
332,.sample_images/korean-food3.png,2
333,.sample_images/chinse-food2.png,0
333,.sample_images/premium-course-meal-with-wine.jpg,1
334,.sample_images/korean-food3.png,0
335,.sample_images/premium-course-meal-with-wine.jpg,0
336,.sample_images/premium-course-meal-with-wine.jpg,0
337,.sample_images/restaurant-food-variety.png,0
337,.sample_images/japanese-restaurant1.png,1
338,.sample_images/chinese-restaurant-food.jpg,0
339,.sample_images/restaurant-food-variety.png,0
339,.sample_images/korean-food1.png,1
339,.sample_images/japanese-restaurant.png,2
340,.sample_images/appetizer-plate.png,0
340,.sample_images/restaurant-food-photo-.jpg,1
341,.sample_images/glass-of-red-wine.png,0
341,.sample_images/course-meal.jpg,1
341,.sample_images/korean-fine-dining.jpg,2
342,.sample_images/appetizer-plate.png,0
342,.sample_images/korean-food1.png,1
342,.sample_images/japanese-food2.png,2
343,.sample_images/japanese-dining-people2.png,0
344,.sample_images/japanese-restaurant1.png,0
345,.sample_images/restaurant-food-photo-.jpg,0
345,.sample_images/modern-restaurant1.png,1
346,.sample_images/elegant-dessert-plating.png,0
346,.sample_images/western-food2.png,1
347,.sample_images/course-meal.jpg,0
347,.sample_images/italian-pasta-dish.png,1
348,.sample_images/modern-restaurant1.png,0
348,.sample_images/restaurant-food-variety.png,1
348,.sample_images/appetizer-plate.png,2
349,.sample_images/glass-of-red-wine.png,0
349,.sample_images/korean-restaurant1.png,1
350,.sample_images/japanese-restaurant.png,0
350,.sample_images/delicious-pasta-dish.png,1
351,.sample_images/modern-korean-restaurant-interior.jpg,0
351,.sample_images/restaurant-food-variety.png,1
352,.sample_images/restaurant-food-photo-.jpg,0
352,.sample_images/bright-restaurant1.png,1
353,.sample_images/western-dining-people2.png,0
353,.sample_images/korean-fine-dining.jpg,1
354,.sample_images/japanese-dining-people.png,0
355,.sample_images/bright-restaurant1.png,0
356,.sample_images/western-dining-people.png,0
356,.sample_images/japanese-restauran2.png,1
357,.sample_images/chinese-restaurant-food.jpg,0
358,.sample_images/korean-restaurant1.png,0
358,.sample_images/glass-of-red-wine.png,1
359,.sample_images/korean-appetizer-main-dessert.jpg,0
359,.sample_images/modern-korean-restaurant-interior.jpg,1
360,.sample_images/chinese-restaurant-food.jpg,0
360,.sample_images/restaurant-food-variety.png,1
360,.sample_images/japanese-dining-people2.png,2
361,.sample_images/japanese-food1.png,0
361,.sample_images/korean-food4.png,1
362,.sample_images/rooftop-restaurant.jpg,0
362,.sample_images/western-food2.png,1
363,.sample_images/western-dining-people2.png,0
363,.sample_images/western-food1.png,1
364,.sample_images/seafood-restaurant.jpg,0
365,.sample_images/elegant-dining-room-setup.jpg,0
365,.sample_images/chinese-restaurant1.png,1
365,.sample_images/glass-of-red-wine.png,2
366,.sample_images/modern-korean-restaurant-interior.jpg,0
367,.sample_images/chinese-dining-people.png,0
367,.sample_images/chinese-food1.png,1
367,.sample_images/korean-restaurant1.png,2
368,.sample_images/korean-food2.png,0
369,.sample_images/japanese-food1.png,0
369,.sample_images/chinese-restaurant1.png,1
369,.sample_images/fine-dining-plate.png,2
370,.sample_images/modern-restaurant2.png,0
370,.sample_images/elegant-dessert-plating.png,1
370,.sample_images/chinese-food1.png,2
371,.sample_images/italian-pasta-dish.png,0
371,.sample_images/premium-course-meal-with-wine.jpg,1
371,.sample_images/italian-restaurant-dining.jpg,2
372,.sample_images/modern-restaurant1.png,0
372,.sample_images/chinese-restaurant-food.jpg,1
373,.sample_images/modern-restaurant2.png,0
374,.sample_images/japanese-restaurant1.png,0
374,.sample_images/korean-restaurant-food.jpg,1
374,.sample_images/japanese-dining-people.png,2
375,.sample_images/rooftop-restaurant.jpg,0
375,.sample_images/bright-restaurant1.png,1
375,.sample_images/korean-food1.png,2
376,.sample_images/course-meal.jpg,0
376,.sample_images/chinese-dining-people.png,1
377,.sample_images/appetizer-plate.png,0
377,.sample_images/restaurant-private-room-atmosphere.jpg,1
377,.sample_images/modern-korean-restaurant-interior.jpg,2
378,.sample_images/delicious-pasta-dish.png,0
379,.sample_images/modern-korean-restaurant-interior.jpg,0
379,.sample_images/korean-appetizer-main-dessert.jpg,1
380,.sample_images/japanese-restauran2.png,0
380,.sample_images/elegant-dining-room-setup.jpg,1
380,.sample_images/restaurant-food-photo-.jpg,2
381,.sample_images/modern-restaurant-interior.png,0
381,.sample_images/farm-to-table-restaurant.jpg,1
381,.sample_images/chinese-restaurant2.png,2
382,.sample_images/restaurant-food-variety.png,0
382,.sample_images/italian-pasta-dish.png,1
382,.sample_images/chinese-restaurant1.png,2
383,.sample_images/delicious-pasta-dish.png,0
384,.sample_images/korean-restaurant-food.jpg,0
385,.sample_images/korean-food3.png,0
385,.sample_images/glass-of-red-wine.png,1
385,.sample_images/modern-restaurant-3.png,2
386,.sample_images/japanese-restaurant1.png,0
386,.sample_images/japanese-restauran2.png,1
387,.sample_images/korean-food3.png,0
388,.sample_images/restaurant-food-variety.png,0
388,.sample_images/farm-to-table-restaurant.jpg,1
388,.sample_images/japanese-restaurant1.png,2
389,.sample_images/pasta-carbonara.png,0
390,.sample_images/korean-food1.png,0
391,.sample_images/italian-restaurant-dining.jpg,0
391,.sample_images/modern-restaurant-3.png,1
391,.sample_images/western-restaurant1.png,2
392,.sample_images/korean-fine-dining.jpg,0
392,.sample_images/japanese-food2.png,1
393,.sample_images/pasta-carbonara.png,0
393,.sample_images/western-dining-people2.png,1
394,.sample_images/fine-dining-restaurant.jpg,0
395,.sample_images/japanese-restaurant1.png,0
395,.sample_images/glass-of-red-wine.png,1
396,.sample_images/farm-to-table-restaurant.jpg,0
396,.sample_images/japanese-food2.png,1
396,.sample_images/japanese-dining-people2.png,2
397,.sample_images/office-workers-enjoying-company-dinner-together-at.jpg,0
397,.sample_images/modern-restaurant1.png,1
398,.sample_images/italian-restaurant-dining.jpg,0
398,.sample_images/korean-food2.png,1
398,.sample_images/elegant-dessert-plating.png,2
399,.sample_images/appetizer-plate.png,0
400,.sample_images/modern-restaurant2.png,0
401,.sample_images/glass-of-red-wine.png,0
401,.sample_images/western-food1.png,1
402,.sample_images/restaurant-food-variety.png,0
402,.sample_images/chinese-restaurant2.png,1
403,.sample_images/restaurant-food-photo-.jpg,0
403,.sample_images/korean-course-meal-plating.jpg,1
403,.sample_images/rooftop-restaurant.jpg,2
404,.sample_images/japanese-restaurant.png,0
405,.sample_images/chinse-food2.png,0
406,.sample_images/farm-to-table-restaurant.jpg,0
406,.sample_images/japanese-restauran2.png,1
407,.sample_images/bright-restaurant1.png,0
407,.sample_images/korean-restaurant1.png,1
407,.sample_images/japanese-food1.png,2
408,.sample_images/chinese-restaurant2.png,0
408,.sample_images/elegant-dining-room-setup.jpg,1
408,.sample_images/japanese-restauran2.png,2
409,.sample_images/korean-restaurant-food.jpg,0
410,.sample_images/italian-restaurant-dining.jpg,0
410,.sample_images/premium-course-meal-with-wine.jpg,1
410,.sample_images/japanese-restaurant1.png,2
411,.sample_images/modern-restaurant-interior.png,0
412,.sample_images/modern-restaurant1.png,0
412,.sample_images/western-food1.png,1
413,.sample_images/korean-food2.png,0
414,.sample_images/restaurant-food-variety.png,0
414,.sample_images/restaurant-private-room-atmosphere.jpg,1
415,.sample_images/chinese-restaurant1.png,0
415,.sample_images/chinese-restaurant2.png,1
415,.sample_images/korean-dining-people.png,2
416,.sample_images/elegant-wine-glass.png,0
416,.sample_images/restaurant-food-variety.png,1
417,.sample_images/pasta-carbonara.png,0
417,.sample_images/mexican-food2.png,1
417,.sample_images/japanese-dining-people.png,2
418,.sample_images/seafood-restaurant.jpg,0
418,.sample_images/restaurant-food-variety.png,1
419,.sample_images/japanese-restaurant.png,0
420,.sample_images/mexican-food2.png,0
420,.sample_images/western-food2.png,1
420,.sample_images/western-food1.png,2
421,.sample_images/korean-fine-dining.jpg,0
421,.sample_images/japanese-dining-people2.png,1
422,.sample_images/japanese-food2.png,0
422,.sample_images/rooftop-restaurant.jpg,1
423,.sample_images/modern-restaurant-3.png,0
423,.sample_images/seafood-restaurant.jpg,1
424,.sample_images/delicious-pasta-dish.png,0
424,.sample_images/office-workers-enjoying-company-dinner-together-at.jpg,1
424,.sample_images/western-restaurant1.png,2
425,.sample_images/western-dining-people.png,0
425,.sample_images/chinese-restaurant2.png,1
426,.sample_images/chinese-restaurant-food.jpg,0
426,.sample_images/japanese-dining-people2.png,1
426,.sample_images/korean-fine-dining.jpg,2
427,.sample_images/korean-food2.png,0
427,.sample_images/chinese-restaurant-food.jpg,1
428,.sample_images/modern-restaurant1.png,0
428,.sample_images/restaurant-food-photo-.jpg,1
429,.sample_images/restaurant-food-variety.png,0
430,.sample_images/seafood-restaurant.jpg,0
431,.sample_images/modern-restaurant2.png,0
431,.sample_images/appetizer-plate.png,1
432,.sample_images/chinese-restaurant1.png,0
432,.sample_images/korean-restaurant1.png,1
433,.sample_images/restaurant-private-room-atmosphere.jpg,0
433,.sample_images/korean-food3.png,1
434,.sample_images/western-food2.png,0
435,.sample_images/western-restaurant1.png,0
435,.sample_images/korean-food1.png,1
436,.sample_images/modern-restaurant-3.png,0
436,.sample_images/elegant-wine-glass.png,1
437,.sample_images/western-food1.png,0
437,.sample_images/japanese-food2.png,1
438,.sample_images/farm-to-table-restaurant.jpg,0
438,.sample_images/elegant-dessert-plating.png,1
438,.sample_images/chinese-restaurant-food.jpg,2
439,.sample_images/restaurant-food-variety.png,0
439,.sample_images/modern-restaurant1.png,1
440,.sample_images/japanese-restauran2.png,0
440,.sample_images/restaurant-food-variety.png,1
440,.sample_images/fine-dining-plate.png,2
441,.sample_images/korean-food2.png,0
441,.sample_images/fine-dining-restaurant.jpg,1
442,.sample_images/korean-course-meal-plating.jpg,0
442,.sample_images/modern-restaurant2.png,1
443,.sample_images/modern-restaurant-interior.png,0
443,.sample_images/fine-dining-plate.png,1
443,.sample_images/korean-dining-people.png,2
444,.sample_images/chinese-food1.png,0
445,.sample_images/office-workers-enjoying-company-dinner-together-at.jpg,0
445,.sample_images/japanese-food1.png,1
446,.sample_images/premium-course-meal-with-wine.jpg,0
446,.sample_images/glass-of-red-wine.png,1
447,.sample_images/korean-food4.png,0
447,.sample_images/farm-to-table-restaurant.jpg,1
447,.sample_images/fine-dining-plate.png,2
448,.sample_images/chinese-food1.png,0
448,.sample_images/appetizer-plate.png,1
448,.sample_images/farm-to-table-restaurant.jpg,2
449,.sample_images/japanese-restauran2.png,0
449,.sample_images/korean-course-meal-plating.jpg,1
449,.sample_images/korean-restaurant-food.jpg,2
450,.sample_images/korean-food2.png,0
450,.sample_images/chinese-dining-people.png,1
451,.sample_images/korean-course-meal-plating.jpg,0
452,.sample_images/korean-course-meal-plating.jpg,0
452,.sample_images/farm-to-table-restaurant.jpg,1
452,.sample_images/korean-restaurant1.png,2
453,.sample_images/modern-restaurant2.png,0
453,.sample_images/western-food1.png,1
454,.sample_images/korean-food1.png,0
454,.sample_images/japanese-restauran2.png,1
454,.sample_images/western-restaurant1.png,2
455,.sample_images/chinese-restaurant2.png,0
456,.sample_images/chinese-dining-people.png,0
456,.sample_images/delicious-pasta-dish.png,1
456,.sample_images/japanese-restaurant1.png,2
457,.sample_images/modern-restaurant2.png,0
457,.sample_images/japanese-dining-people2.png,1
457,.sample_images/restaurant-food-photo-.jpg,2
458,.sample_images/japanese-dining-people2.png,0
458,.sample_images/japanese-food2.png,1
458,.sample_images/korean-course-meal-plating.jpg,2
459,.sample_images/office-workers-enjoying-company-dinner-together-at.jpg,0
459,.sample_images/chinese-restaurant-food.jpg,1
459,.sample_images/delicious-pasta-dish.png,2
460,.sample_images/korean-food4.png,0
461,.sample_images/korean-course-meal-plating.jpg,0
461,.sample_images/chinese-food1.png,1
462,.sample_images/japanese-dining-people.png,0
462,.sample_images/course-meal.jpg,1
462,.sample_images/korean-restaurant1.png,2
463,.sample_images/modern-korean-restaurant-interior.jpg,0
464,.sample_images/mexican-food2.png,0
464,.sample_images/western-food1.png,1
464,.sample_images/mexican-food1.png,2
465,.sample_images/restaurant-private-room-atmosphere.jpg,0
466,.sample_images/western-food1.png,0
467,.sample_images/korean-food3.png,0
467,.sample_images/japanese-dining-people.png,1
467,.sample_images/modern-korean-restaurant-interior.jpg,2
468,.sample_images/chinese-restaurant-food.jpg,0
468,.sample_images/japanese-dining-people2.png,1
469,.sample_images/bright-restaurant1.png,0
470,.sample_images/restaurant-private-room-atmosphere.jpg,0
470,.sample_images/delicious-pasta-dish.png,1
471,.sample_images/korean-appetizer-main-dessert.jpg,0
472,.sample_images/mexican-food2.png,0
473,.sample_images/course-meal.jpg,0
473,.sample_images/korean-restaurant1.png,1
474,.sample_images/modern-restaurant2.png,0
474,.sample_images/western-dining-people2.png,1
474,.sample_images/modern-restaurant-3.png,2
475,.sample_images/restaurant-private-room-atmosphere.jpg,0
475,.sample_images/korean-food3.png,1
476,.sample_images/chinese-restaurant1.png,0
477,.sample_images/japanese-dining-people2.png,0
477,.sample_images/fine-dining-plate.png,1
477,.sample_images/korean-food3.png,2
478,.sample_images/farm-to-table-restaurant.jpg,0
478,.sample_images/pasta-carbonara.png,1
479,.sample_images/chinse-food2.png,0
480,.sample_images/modern-restaurant-interior.png,0
480,.sample_images/fine-dining-restaurant.jpg,1
480,.sample_images/chinese-food1.png,2
481,.sample_images/chinse-food2.png,0
481,.sample_images/japanese-food2.png,1
482,.sample_images/modern-restaurant-3.png,0
483,.sample_images/italian-restaurant-dining.jpg,0
483,.sample_images/western-dining-people.png,1
484,.sample_images/korean-restaurant1.png,0
485,.sample_images/modern-restaurant2.png,0
486,.sample_images/chinese-dining-people.png,0
486,.sample_images/office-workers-enjoying-company-dinner-together-at.jpg,1
487,.sample_images/chinese-food1.png,0
488,.sample_images/seafood-restaurant.jpg,0
488,.sample_images/western-dining-people.png,1
488,.sample_images/fine-dining-restaurant.jpg,2
489,.sample_images/delicious-pasta-dish.png,0
490,.sample_images/korean-fine-dining.jpg,0
490,.sample_images/pasta-carbonara.png,1
490,.sample_images/elegant-dining-room-setup.jpg,2
491,.sample_images/office-workers-enjoying-company-dinner-together-at.jpg,0
492,.sample_images/seafood-restaurant.jpg,0
492,.sample_images/chinese-food1.png,1
493,.sample_images/appetizer-plate.png,0
493,.sample_images/korean-course-meal-plating.jpg,1
494,.sample_images/modern-korean-restaurant-interior.jpg,0
494,.sample_images/korean-food4.png,1
494,.sample_images/glass-of-red-wine.png,2
495,.sample_images/western-food2.png,0
495,.sample_images/delicious-pasta-dish.png,1
495,.sample_images/korean-restaurant1.png,2
496,.sample_images/korean-course-meal-plating.jpg,0
497,.sample_images/japanese-restaurant1.png,0
498,.sample_images/korean-appetizer-main-dessert.jpg,0
498,.sample_images/course-meal.jpg,1
498,.sample_images/elegant-dessert-plating.png,2
499,.sample_images/modern-korean-restaurant-interior.jpg,0
499,.sample_images/chinese-dining-people.png,1
499,.sample_images/chinese-food1.png,2
500,.sample_images/elegant-dining-room-setup.jpg,0
500,.sample_images/chinse-food2.png,1
501,.sample_images/korean-dining-people.png,0
501,.sample_images/fine-dining-plate.png,1
502,.sample_images/korean-course-meal-plating.jpg,0
502,.sample_images/chinese-dining-people.png,1
502,.sample_images/japanese-restauran2.png,2
503,.sample_images/modern-restaurant2.png,0
503,.sample_images/bright-restaurant1.png,1
504,.sample_images/modern-restaurant1.png,0
504,.sample_images/chinese-restaurant-food.jpg,1
504,.sample_images/korean-food1.png,2
505,.sample_images/rooftop-restaurant.jpg,0
506,.sample_images/restaurant-private-room-atmosphere.jpg,0
507,.sample_images/japanese-restaurant1.png,0
507,.sample_images/premium-course-meal-with-wine.jpg,1
507,.sample_images/modern-restaurant1.png,2
508,.sample_images/elegant-dining-room-setup.jpg,0
508,.sample_images/modern-restaurant-3.png,1
508,.sample_images/fine-dining-restaurant.jpg,2
509,.sample_images/mexican-food2.png,0
509,.sample_images/restaurant-food-photo-.jpg,1
510,.sample_images/western-restaurant1.png,0
510,.sample_images/chinse-food2.png,1
510,.sample_images/fine-dining-restaurant.jpg,2
511,.sample_images/korean-course-meal-plating.jpg,0
511,.sample_images/restaurant-food-variety.png,1
512,.sample_images/restaurant-food-photo-.jpg,0
513,.sample_images/restaurant-food-photo-.jpg,0
513,.sample_images/japanese-dining-people.png,1
514,.sample_images/modern-restaurant1.png,0
514,.sample_images/rooftop-restaurant.jpg,1
515,.sample_images/office-workers-enjoying-company-dinner-together-at.jpg,0
515,.sample_images/japanese-dining-people2.png,1
516,.sample_images/mexican-food2.png,0
517,.sample_images/chinese-food1.png,0
517,.sample_images/korean-food3.png,1
517,.sample_images/modern-korean-restaurant-interior.jpg,2
518,.sample_images/fine-dining-restaurant.jpg,0
519,.sample_images/chinese-food1.png,0
519,.sample_images/italian-restaurant-dining.jpg,1
519,.sample_images/japanese-dining-people2.png,2
520,.sample_images/korean-course-meal-plating.jpg,0
520,.sample_images/course-meal.jpg,1
521,.sample_images/elegant-dining-room-setup.jpg,0
522,.sample_images/japanese-restaurant.png,0
522,.sample_images/pasta-carbonara.png,1
522,.sample_images/office-workers-enjoying-company-dinner-together-at.jpg,2
523,.sample_images/chinese-restaurant1.png,0
523,.sample_images/mexican-food2.png,1
524,.sample_images/korean-food4.png,0
525,.sample_images/korean-dining-people.png,0
525,.sample_images/chinese-dining-people.png,1
525,.sample_images/modern-restaurant-3.png,2
526,.sample_images/italian-pasta-dish.png,0
527,.sample_images/japanese-dining-people2.png,0
527,.sample_images/western-food1.png,1
528,.sample_images/chinese-restaurant-food.jpg,0
528,.sample_images/korean-food3.png,1
529,.sample_images/seafood-restaurant.jpg,0
530,.sample_images/fine-dining-restaurant.jpg,0
530,.sample_images/delicious-pasta-dish.png,1
530,.sample_images/chinse-food2.png,2
531,.sample_images/restaurant-private-room-atmosphere.jpg,0
531,.sample_images/western-dining-people2.png,1
531,.sample_images/elegant-dessert-plating.png,2
532,.sample_images/premium-course-meal-with-wine.jpg,0
532,.sample_images/course-meal.jpg,1
532,.sample_images/restaurant-food-photo-.jpg,2
533,.sample_images/korean-restaurant-food.jpg,0
534,.sample_images/japanese-restaurant1.png,0
535,.sample_images/seafood-restaurant.jpg,0
535,.sample_images/elegant-wine-glass.png,1
535,.sample_images/japanese-restaurant1.png,2
536,.sample_images/delicious-pasta-dish.png,0
537,.sample_images/japanese-dining-people2.png,0
538,.sample_images/restaurant-food-variety.png,0
539,.sample_images/chinese-restaurant1.png,0
539,.sample_images/modern-restaurant-interior.png,1
540,.sample_images/chinse-food2.png,0
540,.sample_images/japanese-restaurant1.png,1
540,.sample_images/italian-pasta-dish.png,2
541,.sample_images/korean-fine-dining.jpg,0
541,.sample_images/western-dining-people.png,1
541,.sample_images/western-food1.png,2
542,.sample_images/appetizer-plate.png,0
542,.sample_images/premium-course-meal-with-wine.jpg,1
543,.sample_images/modern-korean-restaurant-interior.jpg,0
544,.sample_images/western-dining-people.png,0
544,.sample_images/modern-korean-restaurant-interior.jpg,1
545,.sample_images/modern-restaurant-3.png,0
545,.sample_images/korean-appetizer-main-dessert.jpg,1
546,.sample_images/elegant-dining-room-setup.jpg,0
547,.sample_images/rooftop-restaurant.jpg,0
548,.sample_images/chinese-restaurant2.png,0
549,.sample_images/restaurant-food-variety.png,0
549,.sample_images/mexican-food1.png,1
550,.sample_images/western-food2.png,0
550,.sample_images/japanese-food1.png,1
551,.sample_images/restaurant-food-photo-.jpg,0
552,.sample_images/japanese-restaurant1.png,0
552,.sample_images/mexican-food2.png,1
553,.sample_images/chinese-dining-people.png,0
553,.sample_images/bright-restaurant1.png,1
554,.sample_images/farm-to-table-restaurant.jpg,0
554,.sample_images/office-workers-enjoying-company-dinner-together-at.jpg,1
555,.sample_images/western-food1.png,0
555,.sample_images/japanese-dining-people.png,1
555,.sample_images/chinese-dining-people.png,2
556,.sample_images/western-food2.png,0
556,.sample_images/korean-food2.png,1
556,.sample_images/appetizer-plate.png,2
557,.sample_images/appetizer-plate.png,0
558,.sample_images/korean-restaurant-food.jpg,0
558,.sample_images/korean-dining-people.png,1
558,.sample_images/modern-restaurant1.png,2
559,.sample_images/korean-course-meal-plating.jpg,0
559,.sample_images/japanese-food2.png,1
560,.sample_images/western-dining-people2.png,0
561,.sample_images/modern-restaurant2.png,0
561,.sample_images/pasta-carbonara.png,1
561,.sample_images/glass-of-red-wine.png,2
562,.sample_images/western-food2.png,0
562,.sample_images/glass-of-red-wine.png,1
562,.sample_images/elegant-wine-glass.png,2
563,.sample_images/korean-fine-dining.jpg,0
563,.sample_images/chinese-restaurant2.png,1
563,.sample_images/rooftop-restaurant.jpg,2
564,.sample_images/western-food2.png,0
564,.sample_images/modern-korean-restaurant-interior.jpg,1
565,.sample_images/course-meal.jpg,0
565,.sample_images/japanese-restauran2.png,1
566,.sample_images/chinese-restaurant1.png,0
566,.sample_images/delicious-pasta-dish.png,1
566,.sample_images/western-restaurant1.png,2
567,.sample_images/fine-dining-restaurant.jpg,0
568,.sample_images/mexican-food1.png,0
569,.sample_images/fine-dining-restaurant.jpg,0
570,.sample_images/japanese-food2.png,0
570,.sample_images/korean-restaurant1.png,1
571,.sample_images/elegant-dessert-plating.png,0
571,.sample_images/japanese-restauran2.png,1
572,.sample_images/korean-restaurant-food.jpg,0
573,.sample_images/glass-of-red-wine.png,0
573,.sample_images/bright-restaurant1.png,1
574,.sample_images/bright-restaurant1.png,0
574,.sample_images/korean-food3.png,1
575,.sample_images/delicious-pasta-dish.png,0
575,.sample_images/japanese-restaurant.png,1
576,.sample_images/modern-korean-restaurant-interior.jpg,0
576,.sample_images/chinese-restaurant1.png,1
577,.sample_images/chinese-restaurant1.png,0
578,.sample_images/korean-restaurant-food.jpg,0
578,.sample_images/elegant-dining-room-setup.jpg,1
579,.sample_images/korean-course-meal-plating.jpg,0
579,.sample_images/chinese-restaurant1.png,1
579,.sample_images/japanese-restaurant1.png,2
580,.sample_images/chinese-restaurant2.png,0
580,.sample_images/japanese-food1.png,1
580,.sample_images/korean-restaurant-food.jpg,2
581,.sample_images/course-meal.jpg,0
581,.sample_images/elegant-dessert-plating.png,1
582,.sample_images/japanese-restaurant1.png,0
582,.sample_images/japanese-dining-people2.png,1
582,.sample_images/mexican-food1.png,2
583,.sample_images/course-meal.jpg,0
583,.sample_images/chinese-restaurant2.png,1
584,.sample_images/korean-food2.png,0
584,.sample_images/elegant-dining-room-setup.jpg,1
584,.sample_images/modern-restaurant-3.png,2
585,.sample_images/rooftop-restaurant.jpg,0
585,.sample_images/japanese-restauran2.png,1
585,.sample_images/bright-restaurant1.png,2
586,.sample_images/western-dining-people.png,0
586,.sample_images/glass-of-red-wine.png,1
586,.sample_images/modern-restaurant-interior.png,2
587,.sample_images/italian-pasta-dish.png,0
588,.sample_images/modern-restaurant2.png,0
589,.sample_images/bright-restaurant1.png,0
589,.sample_images/rooftop-restaurant.jpg,1
589,.sample_images/japanese-food1.png,2
590,.sample_images/fine-dining-plate.png,0
590,.sample_images/korean-food2.png,1
590,.sample_images/western-dining-people.png,2
591,.sample_images/japanese-restauran2.png,0
591,.sample_images/korean-appetizer-main-dessert.jpg,1
591,.sample_images/korean-food3.png,2
592,.sample_images/modern-restaurant-3.png,0
592,.sample_images/korean-dining-people.png,1
592,.sample_images/restaurant-private-room-atmosphere.jpg,2
593,.sample_images/italian-pasta-dish.png,0
593,.sample_images/western-dining-people2.png,1
593,.sample_images/japanese-restauran2.png,2
594,.sample_images/italian-restaurant-dining.jpg,0
594,.sample_images/premium-course-meal-with-wine.jpg,1
594,.sample_images/korean-food3.png,2
595,.sample_images/bright-restaurant1.png,0
595,.sample_images/chinese-dining-people.png,1
595,.sample_images/elegant-wine-glass.png,2
596,.sample_images/fine-dining-restaurant.jpg,0
596,.sample_images/modern-restaurant1.png,1
597,.sample_images/korean-restaurant-food.jpg,0
598,.sample_images/japanese-restaurant.png,0
598,.sample_images/japanese-dining-people.png,1
598,.sample_images/course-meal.jpg,2
599,.sample_images/chinese-dining-people.png,0
600,.sample_images/pasta-carbonara.png,0
600,.sample_images/appetizer-plate.png,1
